<?xml version="1.0" encoding="utf-8"?>
<System>
  <P Name="Location">[0, 27, 1920, 1080]</P>
  <P Name="Open">on</P>
  <P Name="SetExecutionDomain">off</P>
  <P Name="ExecutionDomainType">Deduce</P>
  <P Name="ZoomFactor">60</P>
  <P Name="ReportName">simulink-default.rpt</P>
  <P Name="SIDHighWatermark">66</P>
  <P Name="SimulinkSubDomain">Simulink</P>
  <Block BlockType="Reference" Name="Controlled Voltage&#xA;Source" SID="25">
    <P Name="Ports">[0, 0, 0, 0, 0, 1, 2]</P>
    <P Name="Position">[-340, 185, -300, 225]</P>
    <P Name="ZOrder">32</P>
    <P Name="BlockRotation">270</P>
    <P Name="BlockMirror">on</P>
    <P Name="NameLocation">right</P>
    <P Name="LibraryVersion">10001000.1</P>
    <P Name="SourceBlock">fl_lib/Electrical/Electrical Sources/Controlled Voltage
Source</P>
    <P Name="SourceType">Controlled Voltage
Source</P>
    <P Name="SourceProductBaseCode">SS</P>
    <InstanceData>
      <P Name="LogSimulationData">off</P>
      <P Name="SourceFile">foundation.electrical.sources.controlled_voltage</P>
      <P Name="InternalSimscapePortConfiguration">{&quot;Bottom&quot;:[],&quot;Left&quot;:[{&quot;id&quot;:&quot;p&quot;,&quot;label&quot;:&quot;&quot;,&quot;type&quot;:&quot;foundation.electrical.electrical&quot;}],&quot;Right&quot;:[{&quot;id&quot;:&quot;vT&quot;,&quot;label&quot;:&quot;&quot;,&quot;type&quot;:&quot;input&quot;},{&quot;id&quot;:&quot;n&quot;,&quot;label&quot;:&quot;&quot;,&quot;type&quot;:&quot;foundation.electrical.electrical&quot;}],&quot;Top&quot;:[]}</P>
      <P Name="ComponentPath">foundation.electrical.sources.controlled_voltage</P>
      <P Name="ComponentVariants">[&quot;foundation.electrical.sources.controlled_voltage&quot;]</P>
      <P Name="ComponentVariantNames">[&quot;controlled_voltage&quot;]</P>
      <P Name="ClassName">controlled_voltage</P>
      <P Name="SchemaVersion">1</P>
    </InstanceData>
  </Block>
  <Block BlockType="Reference" Name="DC Motor" SID="1">
    <P Name="Ports">[0, 0, 0, 0, 0, 2, 2]</P>
    <P Name="Position">[590, 260, 670, 310]</P>
    <P Name="ZOrder">2</P>
    <P Name="BlockRotation">270</P>
    <P Name="BlockMirror">on</P>
    <P Name="NameLocation">right</P>
    <P Name="LibraryVersion">10001000.3</P>
    <P Name="SourceBlock">ee_lib/Electromechanical/Brushed Motors/DC Motor</P>
    <P Name="SourceType">DC Motor</P>
    <P Name="SourceProductBaseCode">PS</P>
    <InstanceData>
      <P Name="LogSimulationData">off</P>
      <P Name="SourceFile">ee.electromech.brushed.dc_motor</P>
      <P Name="InternalSimscapePortConfiguration">{&quot;Bottom&quot;:[],&quot;Left&quot;:[{&quot;id&quot;:&quot;p&quot;,&quot;label&quot;:&quot;+&quot;,&quot;type&quot;:&quot;foundation.electrical.electrical&quot;},{&quot;id&quot;:&quot;R&quot;,&quot;label&quot;:&quot;R&quot;,&quot;type&quot;:&quot;foundation.mechanical.rotational.rotational&quot;}],&quot;Right&quot;:[{&quot;id&quot;:&quot;n&quot;,&quot;label&quot;:&quot;-&quot;,&quot;type&quot;:&quot;foundation.electrical.electrical&quot;},{&quot;id&quot;:&quot;C&quot;,&quot;label&quot;:&quot;C&quot;,&quot;type&quot;:&quot;foundation.mechanical.rotational.rotational&quot;}],&quot;Top&quot;:[]}</P>
      <P Name="ComponentPath">ee.electromech.brushed.dc_motor</P>
      <P Name="ComponentVariants">[&quot;ee.electromech.brushed.dc_motor&quot;,&quot;ee.electromech.brushed.dc_motor_thermal&quot;]</P>
      <P Name="ComponentVariantNames">[&quot;physmod:ee:library:comments:electromech:brushed:dc_motor_sscx:noThermalPort&quot;,&quot;physmod:ee:library:comments:electromech:brushed:dc_motor_sscx:showThermalPort&quot;]</P>
      <P Name="ClassName">Simscape variant</P>
      <P Name="SchemaVersion">1</P>
      <P Name="field_option">ee.enum.field_option.pm</P>
      <P Name="field_option_unit">1</P>
      <P Name="field_option_conf">compiletime</P>
      <P Name="Rf">100</P>
      <P Name="Rf_unit">Ohm</P>
      <P Name="Rf_conf">compiletime</P>
      <P Name="Lf">1</P>
      <P Name="Lf_unit">H</P>
      <P Name="Lf_conf">compiletime</P>
      <P Name="Laf">0.15</P>
      <P Name="Laf_unit">H</P>
      <P Name="Laf_conf">compiletime</P>
      <P Name="If0">0</P>
      <P Name="If0_unit">A</P>
      <P Name="If0_conf">compiletime</P>
      <P Name="parameterization">ee.enum.dcparam_option.circuit_param</P>
      <P Name="parameterization_unit">1</P>
      <P Name="parameterization_conf">compiletime</P>
      <P Name="Ra">3.9</P>
      <P Name="Ra_unit">Ohm</P>
      <P Name="Ra_conf">compiletime</P>
      <P Name="La">12e-6</P>
      <P Name="La_unit">H</P>
      <P Name="La_conf">compiletime</P>
      <P Name="emf_or_torque">ee.enum.emf_or_torque.kv</P>
      <P Name="emf_or_torque_unit">1</P>
      <P Name="emf_or_torque_conf">compiletime</P>
      <P Name="Kv">0.072e-3</P>
      <P Name="Kv_unit">V/rpm</P>
      <P Name="Kv_conf">compiletime</P>
      <P Name="Ki">6.876e-4</P>
      <P Name="Ki_unit">N*m/A</P>
      <P Name="Ki_conf">compiletime</P>
      <P Name="T_stall">0.24e-3</P>
      <P Name="T_stall_unit">N*m</P>
      <P Name="T_stall_conf">compiletime</P>
      <P Name="w_max">19100</P>
      <P Name="w_max_unit">rpm</P>
      <P Name="w_max_conf">compiletime</P>
      <P Name="w_rated">15000</P>
      <P Name="w_rated_unit">rpm</P>
      <P Name="w_rated_conf">compiletime</P>
      <P Name="P_rated">0.08</P>
      <P Name="P_rated_unit">W</P>
      <P Name="P_rated_conf">compiletime</P>
      <P Name="V_rated">1.5</P>
      <P Name="V_rated_unit">V</P>
      <P Name="V_rated_conf">compiletime</P>
      <P Name="J">0.01</P>
      <P Name="J_unit">g*cm^2</P>
      <P Name="J_conf">compiletime</P>
      <P Name="lam_param">ee.enum.lam_param.damping</P>
      <P Name="lam_param_unit">1</P>
      <P Name="lam_param_conf">compiletime</P>
      <P Name="lam">0</P>
      <P Name="lam_unit">N*m/(rad/s)</P>
      <P Name="lam_conf">compiletime</P>
      <P Name="i_noload">0</P>
      <P Name="i_noload_unit">A</P>
      <P Name="i_noload_conf">compiletime</P>
      <P Name="V_i_noload">1.5</P>
      <P Name="V_i_noload_unit">V</P>
      <P Name="V_i_noload_conf">compiletime</P>
      <P Name="speed0">0</P>
      <P Name="speed0_unit">rpm</P>
      <P Name="speed0_conf">compiletime</P>
      <P Name="alpha">3.93e-3</P>
      <P Name="alpha_unit">1/K</P>
      <P Name="alpha_conf">compiletime</P>
      <P Name="Tmeas">25</P>
      <P Name="Tmeas_unit">degC</P>
      <P Name="Tmeas_conf">compiletime</P>
      <P Name="thermal_mass">100</P>
      <P Name="thermal_mass_unit">J/K</P>
      <P Name="thermal_mass_conf">compiletime</P>
      <P Name="initial_temperature">25</P>
      <P Name="initial_temperature_unit">degC</P>
      <P Name="initial_temperature_conf">compiletime</P>
    </InstanceData>
  </Block>
  <Block BlockType="Reference" Name="Electrical Reference1" SID="17">
    <P Name="Ports">[0, 0, 0, 0, 0, 1]</P>
    <P Name="Position">[440, 355, 460, 375]</P>
    <P Name="ZOrder">24</P>
    <P Name="BlockRotation">270</P>
    <P Name="BlockMirror">on</P>
    <P Name="NameLocation">right</P>
    <P Name="LibraryVersion">10001000.1</P>
    <P Name="SourceBlock">fl_lib/Electrical/Electrical Elements/Electrical Reference</P>
    <P Name="SourceType">Electrical Reference</P>
    <P Name="SourceProductBaseCode">SS</P>
    <InstanceData>
      <P Name="LogSimulationData">off</P>
      <P Name="SourceFile">foundation.electrical.elements.reference</P>
      <P Name="InternalSimscapePortConfiguration">{&quot;Bottom&quot;:[],&quot;Left&quot;:[{&quot;id&quot;:&quot;V&quot;,&quot;label&quot;:&quot;&quot;,&quot;type&quot;:&quot;foundation.electrical.electrical&quot;}],&quot;Right&quot;:[],&quot;Top&quot;:[]}</P>
      <P Name="ComponentPath">foundation.electrical.elements.reference</P>
      <P Name="ComponentVariants">[&quot;foundation.electrical.elements.reference&quot;]</P>
      <P Name="ComponentVariantNames">[&quot;reference&quot;]</P>
      <P Name="ClassName">reference</P>
      <P Name="SchemaVersion">1</P>
    </InstanceData>
  </Block>
  <Block BlockType="Gain" Name="Gain" SID="35">
    <P Name="Position">[605, 440, 635, 470]</P>
    <P Name="ZOrder">41</P>
    <P Name="BlockMirror">on</P>
    <P Name="Gain">K1(1:2)</P>
    <P Name="Multiplication">Matrix(K*u) (u vector)</P>
  </Block>
  <Block BlockType="Gain" Name="Gain1" SID="40">
    <P Name="Position">[-495, 250, -465, 280]</P>
    <P Name="ZOrder">46</P>
    <P Name="Gain">Ki</P>
    <P Name="Multiplication">Matrix(K*u) (u vector)</P>
  </Block>
  <Block BlockType="Reference" Name="Gear Box" SID="5">
    <P Name="Ports">[0, 0, 0, 0, 0, 1, 1]</P>
    <P Name="Position">[835, 240, 875, 280]</P>
    <P Name="ZOrder">12</P>
    <P Name="LibraryVersion">10001000.1</P>
    <P Name="SourceBlock">fl_lib/Mechanical/Mechanisms/Gear Box</P>
    <P Name="SourceType">Gear Box</P>
    <P Name="SourceProductBaseCode">SS</P>
    <InstanceData>
      <P Name="LogSimulationData">off</P>
      <P Name="SourceFile">foundation.mechanical.mechanisms.gear_box</P>
      <P Name="InternalSimscapePortConfiguration">{&quot;Bottom&quot;:[],&quot;Left&quot;:[{&quot;id&quot;:&quot;S&quot;,&quot;label&quot;:&quot;S&quot;,&quot;type&quot;:&quot;foundation.mechanical.rotational.rotational&quot;}],&quot;Right&quot;:[{&quot;id&quot;:&quot;O&quot;,&quot;label&quot;:&quot;O&quot;,&quot;type&quot;:&quot;foundation.mechanical.rotational.rotational&quot;}],&quot;Top&quot;:[]}</P>
      <P Name="ComponentPath">foundation.mechanical.mechanisms.gear_box</P>
      <P Name="ComponentVariants">[&quot;foundation.mechanical.mechanisms.gear_box&quot;]</P>
      <P Name="ComponentVariantNames">[&quot;gear_box&quot;]</P>
      <P Name="ClassName">gear_box</P>
      <P Name="SchemaVersion">1</P>
      <P Name="ratio">2</P>
      <P Name="ratio_unit">1</P>
      <P Name="ratio_conf">compiletime</P>
      <P Name="t_in_specify">off</P>
      <P Name="t_in_priority">None</P>
      <P Name="t_in">0</P>
      <P Name="t_in_unit">N*m</P>
      <P Name="t_in_nominal_specify">off</P>
      <P Name="t_in_nominal_unit">N*m</P>
      <P Name="t_in_nominal_value">1</P>
      <P Name="t_out_specify">off</P>
      <P Name="t_out_priority">None</P>
      <P Name="t_out">0</P>
      <P Name="t_out_unit">N*m</P>
      <P Name="t_out_nominal_specify">off</P>
      <P Name="t_out_nominal_unit">N*m</P>
      <P Name="t_out_nominal_value">1</P>
    </InstanceData>
  </Block>
  <Block BlockType="Reference" Name="Ideal Rotational&#xA;Motion Sensor" SID="18">
    <P Name="Ports">[0, 0, 0, 0, 0, 1, 3]</P>
    <P Name="Position">[740, 135, 780, 175]</P>
    <P Name="ZOrder">25</P>
    <P Name="LibraryVersion">10001000.1</P>
    <P Name="SourceBlock">fl_lib/Mechanical/Mechanical Sensors/Ideal Rotational
Motion Sensor</P>
    <P Name="SourceType">Ideal Rotational
Motion Sensor</P>
    <P Name="SourceProductBaseCode">SS</P>
    <InstanceData>
      <P Name="LogSimulationData">off</P>
      <P Name="SourceFile">foundation.mechanical.sensors.angular_velocity</P>
      <P Name="InternalSimscapePortConfiguration">{&quot;Bottom&quot;:[],&quot;Left&quot;:[{&quot;id&quot;:&quot;R&quot;,&quot;label&quot;:&quot;R&quot;,&quot;type&quot;:&quot;foundation.mechanical.rotational.rotational&quot;}],&quot;Right&quot;:[{&quot;id&quot;:&quot;C&quot;,&quot;label&quot;:&quot;C&quot;,&quot;type&quot;:&quot;foundation.mechanical.rotational.rotational&quot;},{&quot;id&quot;:&quot;W&quot;,&quot;label&quot;:&quot;W&quot;,&quot;type&quot;:&quot;output&quot;},{&quot;id&quot;:&quot;A&quot;,&quot;label&quot;:&quot;A&quot;,&quot;type&quot;:&quot;output&quot;}],&quot;Top&quot;:[]}</P>
      <P Name="ComponentPath">foundation.mechanical.sensors.angular_velocity</P>
      <P Name="ComponentVariants">[&quot;foundation.mechanical.sensors.angular_velocity&quot;]</P>
      <P Name="ComponentVariantNames">[&quot;angular_velocity&quot;]</P>
      <P Name="ClassName">angular_velocity</P>
      <P Name="SchemaVersion">1</P>
      <P Name="wrap_angle">simscape.enum.onoff.off</P>
      <P Name="wrap_angle_unit">1</P>
      <P Name="wrap_angle_conf">compiletime</P>
      <P Name="offset">0</P>
      <P Name="offset_unit">rad</P>
      <P Name="offset_conf">compiletime</P>
    </InstanceData>
  </Block>
  <Block BlockType="Integrator" Name="Integrator" SID="41">
    <P Name="Ports">[1, 1]</P>
    <P Name="Position">[-570, 250, -540, 280]</P>
    <P Name="ZOrder">47</P>
  </Block>
  <Block BlockType="Reference" Name="Mechanical&#xA;Rotational Reference" SID="9">
    <P Name="Ports">[0, 0, 0, 0, 0, 1]</P>
    <P Name="Position">[995, 265, 1015, 285]</P>
    <P Name="ZOrder">16</P>
    <P Name="BlockRotation">270</P>
    <P Name="BlockMirror">on</P>
    <P Name="NameLocation">right</P>
    <P Name="LibraryVersion">10001000.1</P>
    <P Name="SourceBlock">fl_lib/Mechanical/Rotational Elements/Mechanical
Rotational Reference</P>
    <P Name="SourceType">Mechanical
Rotational Reference</P>
    <P Name="SourceProductBaseCode">SS</P>
    <InstanceData>
      <P Name="LogSimulationData">off</P>
      <P Name="SourceFile">foundation.mechanical.rotational.reference</P>
      <P Name="InternalSimscapePortConfiguration">{&quot;Bottom&quot;:[],&quot;Left&quot;:[{&quot;id&quot;:&quot;W&quot;,&quot;label&quot;:&quot;&quot;,&quot;type&quot;:&quot;foundation.mechanical.rotational.rotational&quot;}],&quot;Right&quot;:[],&quot;Top&quot;:[]}</P>
      <P Name="ComponentPath">foundation.mechanical.rotational.reference</P>
      <P Name="ComponentVariants">[&quot;foundation.mechanical.rotational.reference&quot;]</P>
      <P Name="ComponentVariantNames">[&quot;reference&quot;]</P>
      <P Name="ClassName">reference</P>
      <P Name="SchemaVersion">1</P>
    </InstanceData>
  </Block>
  <Block BlockType="Reference" Name="Mechanical&#xA;Rotational Reference1" SID="10">
    <P Name="Ports">[0, 0, 0, 0, 0, 1]</P>
    <P Name="Position">[995, 315, 1015, 335]</P>
    <P Name="ZOrder">17</P>
    <P Name="BlockRotation">270</P>
    <P Name="BlockMirror">on</P>
    <P Name="NameLocation">right</P>
    <P Name="LibraryVersion">10001000.1</P>
    <P Name="SourceBlock">fl_lib/Mechanical/Rotational Elements/Mechanical
Rotational Reference</P>
    <P Name="SourceType">Mechanical
Rotational Reference</P>
    <P Name="SourceProductBaseCode">SS</P>
    <InstanceData>
      <P Name="LogSimulationData">off</P>
      <P Name="SourceFile">foundation.mechanical.rotational.reference</P>
      <P Name="InternalSimscapePortConfiguration">{&quot;Bottom&quot;:[],&quot;Left&quot;:[{&quot;id&quot;:&quot;W&quot;,&quot;label&quot;:&quot;&quot;,&quot;type&quot;:&quot;foundation.mechanical.rotational.rotational&quot;}],&quot;Right&quot;:[],&quot;Top&quot;:[]}</P>
      <P Name="ComponentPath">foundation.mechanical.rotational.reference</P>
      <P Name="ComponentVariants">[&quot;foundation.mechanical.rotational.reference&quot;]</P>
      <P Name="ComponentVariantNames">[&quot;reference&quot;]</P>
      <P Name="ClassName">reference</P>
      <P Name="SchemaVersion">1</P>
    </InstanceData>
  </Block>
  <Block BlockType="Reference" Name="Mechanical&#xA;Rotational Reference2" SID="12">
    <P Name="Ports">[0, 0, 0, 0, 0, 1]</P>
    <P Name="Position">[685, 335, 705, 355]</P>
    <P Name="ZOrder">19</P>
    <P Name="BlockRotation">270</P>
    <P Name="BlockMirror">on</P>
    <P Name="NameLocation">right</P>
    <P Name="LibraryVersion">10001000.1</P>
    <P Name="SourceBlock">fl_lib/Mechanical/Rotational Elements/Mechanical
Rotational Reference</P>
    <P Name="SourceType">Mechanical
Rotational Reference</P>
    <P Name="SourceProductBaseCode">SS</P>
    <InstanceData>
      <P Name="LogSimulationData">off</P>
      <P Name="SourceFile">foundation.mechanical.rotational.reference</P>
      <P Name="InternalSimscapePortConfiguration">{&quot;Bottom&quot;:[],&quot;Left&quot;:[{&quot;id&quot;:&quot;W&quot;,&quot;label&quot;:&quot;&quot;,&quot;type&quot;:&quot;foundation.mechanical.rotational.rotational&quot;}],&quot;Right&quot;:[],&quot;Top&quot;:[]}</P>
      <P Name="ComponentPath">foundation.mechanical.rotational.reference</P>
      <P Name="ComponentVariants">[&quot;foundation.mechanical.rotational.reference&quot;]</P>
      <P Name="ComponentVariantNames">[&quot;reference&quot;]</P>
      <P Name="ClassName">reference</P>
      <P Name="SchemaVersion">1</P>
    </InstanceData>
  </Block>
  <Block BlockType="Reference" Name="Mechanical&#xA;Rotational Reference3" SID="27">
    <P Name="Ports">[0, 0, 0, 0, 0, 1]</P>
    <P Name="Position">[995, 155, 1015, 175]</P>
    <P Name="ZOrder">34</P>
    <P Name="BlockRotation">270</P>
    <P Name="BlockMirror">on</P>
    <P Name="NameLocation">right</P>
    <P Name="LibraryVersion">10001000.1</P>
    <P Name="SourceBlock">fl_lib/Mechanical/Rotational Elements/Mechanical
Rotational Reference</P>
    <P Name="SourceType">Mechanical
Rotational Reference</P>
    <P Name="SourceProductBaseCode">SS</P>
    <InstanceData>
      <P Name="LogSimulationData">off</P>
      <P Name="SourceFile">foundation.mechanical.rotational.reference</P>
      <P Name="InternalSimscapePortConfiguration">{&quot;Bottom&quot;:[],&quot;Left&quot;:[{&quot;id&quot;:&quot;W&quot;,&quot;label&quot;:&quot;&quot;,&quot;type&quot;:&quot;foundation.mechanical.rotational.rotational&quot;}],&quot;Right&quot;:[],&quot;Top&quot;:[]}</P>
      <P Name="ComponentPath">foundation.mechanical.rotational.reference</P>
      <P Name="ComponentVariants">[&quot;foundation.mechanical.rotational.reference&quot;]</P>
      <P Name="ComponentVariantNames">[&quot;reference&quot;]</P>
      <P Name="ClassName">reference</P>
      <P Name="SchemaVersion">1</P>
    </InstanceData>
  </Block>
  <Block BlockType="Mux" Name="Mux" SID="33">
    <P Name="Ports">[2, 1]</P>
    <P Name="Position">[940, 191, 945, 229]</P>
    <P Name="ZOrder">39</P>
    <P Name="Inputs">2</P>
    <P Name="DisplayOption">bar</P>
    <Port>
      <P Name="PortNumber">1</P>
      <P Name="Name">State_var</P>
    </Port>
  </Block>
  <Block BlockType="Mux" Name="Mux1" SID="36">
    <P Name="Ports">[2, 1]</P>
    <P Name="Position">[-685, 246, -680, 284]</P>
    <P Name="ZOrder">45</P>
    <P Name="Inputs">2</P>
    <P Name="DisplayOption">bar</P>
    <Port>
      <P Name="PortNumber">1</P>
      <P Name="Name">Input</P>
    </Port>
  </Block>
  <Block BlockType="Reference" Name="NPN Bipolar&#xA;Transistor" SID="53">
    <P Name="Ports">[0, 0, 0, 0, 0, 1, 2]</P>
    <P Name="Position">[205, 145, 235, 205]</P>
    <P Name="ZOrder">56</P>
    <P Name="LibraryVersion">10001000.3</P>
    <P Name="SourceBlock">ee_lib/Semiconductors &amp;
Converters/NPN Bipolar
Transistor</P>
    <P Name="SourceType">NPN Bipolar
Transistor</P>
    <P Name="SourceProductBaseCode">PS</P>
    <InstanceData>
      <P Name="LogSimulationData">off</P>
      <P Name="SourceFile">ee.semiconductors.bjt_npn</P>
      <P Name="InternalSimscapePortConfiguration">{&quot;Bottom&quot;:[],&quot;Left&quot;:[{&quot;id&quot;:&quot;B&quot;,&quot;label&quot;:&quot;&quot;,&quot;type&quot;:&quot;foundation.electrical.electrical&quot;}],&quot;Right&quot;:[{&quot;id&quot;:&quot;p&quot;,&quot;label&quot;:&quot;&quot;,&quot;type&quot;:&quot;foundation.electrical.electrical&quot;},{&quot;id&quot;:&quot;n&quot;,&quot;label&quot;:&quot;&quot;,&quot;type&quot;:&quot;foundation.electrical.electrical&quot;}],&quot;Top&quot;:[]}</P>
      <P Name="ComponentPath">ee.semiconductors.bjt_npn</P>
      <P Name="ComponentVariants">[&quot;ee.semiconductors.bjt_npn&quot;,&quot;ee.semiconductors.bjt_npn_thermal&quot;]</P>
      <P Name="ComponentVariantNames">[&quot;physmod:ee:library:comments:semiconductors:bjt_npn_sscx:noThermalPort&quot;,&quot;physmod:ee:library:comments:semiconductors:bjt_npn_sscx:showThermalPort&quot;]</P>
      <P Name="ClassName">Simscape variant</P>
      <P Name="SchemaVersion">1</P>
      <P Name="parameterization">1</P>
      <P Name="parameterization_unit">1</P>
      <P Name="parameterization_conf">compiletime</P>
      <P Name="prmDatasheet">1</P>
      <P Name="prmDatasheet_unit">1</P>
      <P Name="prmDatasheet_conf">compiletime</P>
      <P Name="prmEquCoeff">1</P>
      <P Name="prmEquCoeff_unit">1</P>
      <P Name="prmEquCoeff_conf">compiletime</P>
      <P Name="BF">100</P>
      <P Name="BF_unit">1</P>
      <P Name="BF_conf">compiletime</P>
      <P Name="IS">1e-14</P>
      <P Name="IS_unit">A</P>
      <P Name="IS_conf">compiletime</P>
      <P Name="VAF">200</P>
      <P Name="VAF_unit">V</P>
      <P Name="VAF_conf">compiletime</P>
      <P Name="hfe">100</P>
      <P Name="hfe_unit">1</P>
      <P Name="hfe_conf">compiletime</P>
      <P Name="hoe">50e-6</P>
      <P Name="hoe_unit">1/Ohm</P>
      <P Name="hoe_conf">compiletime</P>
      <P Name="Ic_h">1</P>
      <P Name="Ic_h_unit">mA</P>
      <P Name="Ic_h_conf">compiletime</P>
      <P Name="Vce_h">5</P>
      <P Name="Vce_h_unit">V</P>
      <P Name="Vce_h_conf">compiletime</P>
      <P Name="V1">0.55</P>
      <P Name="V1_unit">V</P>
      <P Name="V1_conf">compiletime</P>
      <P Name="I1">0.5</P>
      <P Name="I1_unit">mA</P>
      <P Name="I1_conf">compiletime</P>
      <P Name="BR">1</P>
      <P Name="BR_unit">1</P>
      <P Name="BR_conf">compiletime</P>
      <P Name="Tmeas">25</P>
      <P Name="Tmeas_unit">degC</P>
      <P Name="Tmeas_conf">compiletime</P>
      <P Name="RC">0.01</P>
      <P Name="RC_unit">Ohm</P>
      <P Name="RC_conf">compiletime</P>
      <P Name="RE">1e-4</P>
      <P Name="RE_unit">Ohm</P>
      <P Name="RE_conf">compiletime</P>
      <P Name="RB">1</P>
      <P Name="RB_unit">Ohm</P>
      <P Name="RB_conf">compiletime</P>
      <P Name="C_BC">5</P>
      <P Name="C_BC_unit">pF</P>
      <P Name="C_BC_conf">compiletime</P>
      <P Name="C_BE">5</P>
      <P Name="C_BE_unit">pF</P>
      <P Name="C_BE_conf">compiletime</P>
      <P Name="TF">0</P>
      <P Name="TF_unit">us</P>
      <P Name="TF_conf">compiletime</P>
      <P Name="TR">0</P>
      <P Name="TR_unit">us</P>
      <P Name="TR_conf">compiletime</P>
      <P Name="hfe_T2">125</P>
      <P Name="hfe_T2_unit">1</P>
      <P Name="hfe_T2_conf">compiletime</P>
      <P Name="XTB">0</P>
      <P Name="XTB_unit">1</P>
      <P Name="XTB_conf">compiletime</P>
      <P Name="V1_T2">0.45</P>
      <P Name="V1_T2_unit">V</P>
      <P Name="V1_T2_conf">compiletime</P>
      <P Name="I1_T2">0.5</P>
      <P Name="I1_T2_unit">mA</P>
      <P Name="I1_T2_conf">compiletime</P>
      <P Name="Tmeas2">125</P>
      <P Name="Tmeas2_unit">degC</P>
      <P Name="Tmeas2_conf">compiletime</P>
      <P Name="EG">1.11</P>
      <P Name="EG_unit">eV</P>
      <P Name="EG_conf">compiletime</P>
      <P Name="XTI">3</P>
      <P Name="XTI_unit">1</P>
      <P Name="XTI_conf">compiletime</P>
      <P Name="ec">1</P>
      <P Name="ec_unit">1</P>
      <P Name="ec_conf">compiletime</P>
      <P Name="TdeviceDatasheet">25</P>
      <P Name="TdeviceDatasheet_unit">degC</P>
      <P Name="TdeviceDatasheet_conf">compiletime</P>
      <P Name="TdeviceEquCoeff">25</P>
      <P Name="TdeviceEquCoeff_unit">degC</P>
      <P Name="TdeviceEquCoeff_conf">compiletime</P>
      <P Name="thermal_network_parameterization">ee.enum.thermalNetworkTopology.cauer</P>
      <P Name="thermal_network_parameterization_unit">1</P>
      <P Name="thermal_network_parameterization_conf">compiletime</P>
      <P Name="Rth">[0, 10]</P>
      <P Name="Rth_unit">K/W</P>
      <P Name="Rth_conf">compiletime</P>
      <P Name="Rth_Foster">[4, 6]</P>
      <P Name="Rth_Foster_unit">K/W</P>
      <P Name="Rth_Foster_conf">compiletime</P>
      <P Name="thermal_mass_parameterization">ee.enum.thermalNetwork.timeconstant</P>
      <P Name="thermal_mass_parameterization_unit">1</P>
      <P Name="thermal_mass_parameterization_conf">compiletime</P>
      <P Name="thermal_mass">[0, 1]</P>
      <P Name="thermal_mass_unit">J/K</P>
      <P Name="thermal_mass_conf">compiletime</P>
      <P Name="thermal_mass_Foster">[1.5, 3]</P>
      <P Name="thermal_mass_Foster_unit">J/K</P>
      <P Name="thermal_mass_Foster_conf">compiletime</P>
      <P Name="thermal_time_constant">[0, 10]</P>
      <P Name="thermal_time_constant_unit">s</P>
      <P Name="thermal_time_constant_conf">compiletime</P>
      <P Name="thermal_time_constant_Foster">[6, 18]</P>
      <P Name="thermal_time_constant_Foster_unit">s</P>
      <P Name="thermal_time_constant_Foster_conf">compiletime</P>
      <P Name="thermal_mass_initial_temperatures">[25, 25]</P>
      <P Name="thermal_mass_initial_temperatures_unit">degC</P>
      <P Name="thermal_mass_initial_temperatures_conf">compiletime</P>
    </InstanceData>
  </Block>
  <Block BlockType="Reference" Name="Negative Supply Rail" SID="66">
    <P Name="Ports">[0, 0, 0, 0, 0, 1]</P>
    <P Name="Position">[225, 315, 265, 355]</P>
    <P Name="ZOrder">4549</P>
    <P Name="BlockRotation">270</P>
    <P Name="BlockMirror">on</P>
    <P Name="NameLocation">right</P>
    <P Name="LibraryVersion">10001000.3</P>
    <P Name="SourceBlock">ee_lib/Sources/Negative Supply Rail</P>
    <P Name="SourceType">Negative Supply Rail</P>
    <P Name="SourceProductBaseCode">PS</P>
    <InstanceData>
      <P Name="LogSimulationData">off</P>
      <P Name="SourceFile">ee.sources.rail_negative</P>
      <P Name="InternalSimscapePortConfiguration">{&quot;Bottom&quot;:[],&quot;Left&quot;:[{&quot;id&quot;:&quot;n&quot;,&quot;label&quot;:&quot;&quot;,&quot;type&quot;:&quot;foundation.electrical.electrical&quot;}],&quot;Right&quot;:[],&quot;Top&quot;:[]}</P>
      <P Name="ComponentPath">ee.sources.rail_negative</P>
      <P Name="ComponentVariants">[&quot;ee.sources.rail_negative&quot;]</P>
      <P Name="ComponentVariantNames">[&quot;rail_negative&quot;]</P>
      <P Name="ClassName">rail_negative</P>
      <P Name="SchemaVersion">1</P>
      <P Name="v0">-12</P>
      <P Name="v0_unit">V</P>
      <P Name="v0_conf">compiletime</P>
    </InstanceData>
  </Block>
  <Block BlockType="Reference" Name="Op-Amp" SID="52">
    <P Name="Ports">[0, 0, 0, 0, 0, 2, 1]</P>
    <P Name="Position">[85, 209, 125, 236]</P>
    <P Name="ZOrder">55</P>
    <P Name="LibraryVersion">10001000.1</P>
    <P Name="SourceBlock">fl_lib/Electrical/Electrical Elements/Op-Amp</P>
    <P Name="SourceType">Op-Amp</P>
    <P Name="SourceProductBaseCode">SS</P>
    <InstanceData>
      <P Name="LogSimulationData">off</P>
      <P Name="SourceFile">foundation.electrical.elements.op_amp</P>
      <P Name="InternalSimscapePortConfiguration">{&quot;Bottom&quot;:[],&quot;Left&quot;:[{&quot;id&quot;:&quot;p&quot;,&quot;label&quot;:&quot;+&quot;,&quot;type&quot;:&quot;foundation.electrical.electrical&quot;},{&quot;id&quot;:&quot;n&quot;,&quot;label&quot;:&quot;-&quot;,&quot;type&quot;:&quot;foundation.electrical.electrical&quot;}],&quot;Right&quot;:[{&quot;id&quot;:&quot;out&quot;,&quot;label&quot;:&quot;&quot;,&quot;type&quot;:&quot;foundation.electrical.electrical&quot;}],&quot;Top&quot;:[]}</P>
      <P Name="ComponentPath">foundation.electrical.elements.op_amp</P>
      <P Name="ComponentVariants">[&quot;foundation.electrical.elements.op_amp&quot;]</P>
      <P Name="ComponentVariantNames">[&quot;op_amp&quot;]</P>
      <P Name="ClassName">op_amp</P>
      <P Name="SchemaVersion">1</P>
      <P Name="outI_specify">off</P>
      <P Name="outI_priority">None</P>
      <P Name="outI">0</P>
      <P Name="outI_unit">A</P>
      <P Name="outI_nominal_specify">off</P>
      <P Name="outI_nominal_unit">A</P>
      <P Name="outI_nominal_value">1</P>
    </InstanceData>
  </Block>
  <Block BlockType="Reference" Name="PNP Bipolar&#xA;Transistor" SID="54">
    <P Name="Ports">[0, 0, 0, 0, 0, 1, 2]</P>
    <P Name="Position">[210, 225, 240, 285]</P>
    <P Name="ZOrder">57</P>
    <P Name="LibraryVersion">10001000.3</P>
    <P Name="SourceBlock">ee_lib/Semiconductors &amp;
Converters/PNP Bipolar
Transistor</P>
    <P Name="SourceType">PNP Bipolar
Transistor</P>
    <P Name="SourceProductBaseCode">PS</P>
    <InstanceData>
      <P Name="LogSimulationData">off</P>
      <P Name="SourceFile">ee.semiconductors.bjt_pnp</P>
      <P Name="InternalSimscapePortConfiguration">{&quot;Bottom&quot;:[],&quot;Left&quot;:[{&quot;id&quot;:&quot;B&quot;,&quot;label&quot;:&quot;&quot;,&quot;type&quot;:&quot;foundation.electrical.electrical&quot;}],&quot;Right&quot;:[{&quot;id&quot;:&quot;n&quot;,&quot;label&quot;:&quot;&quot;,&quot;type&quot;:&quot;foundation.electrical.electrical&quot;},{&quot;id&quot;:&quot;p&quot;,&quot;label&quot;:&quot;&quot;,&quot;type&quot;:&quot;foundation.electrical.electrical&quot;}],&quot;Top&quot;:[]}</P>
      <P Name="ComponentPath">ee.semiconductors.bjt_pnp</P>
      <P Name="ComponentVariants">[&quot;ee.semiconductors.bjt_pnp&quot;,&quot;ee.semiconductors.bjt_pnp_thermal&quot;]</P>
      <P Name="ComponentVariantNames">[&quot;physmod:ee:library:comments:semiconductors:bjt_pnp_sscx:noThermalPort&quot;,&quot;physmod:ee:library:comments:semiconductors:bjt_pnp_sscx:showThermalPort&quot;]</P>
      <P Name="ClassName">Simscape variant</P>
      <P Name="SchemaVersion">1</P>
      <P Name="parameterization">1</P>
      <P Name="parameterization_unit">1</P>
      <P Name="parameterization_conf">compiletime</P>
      <P Name="prmDatasheet">1</P>
      <P Name="prmDatasheet_unit">1</P>
      <P Name="prmDatasheet_conf">compiletime</P>
      <P Name="prmEquCoeff">1</P>
      <P Name="prmEquCoeff_unit">1</P>
      <P Name="prmEquCoeff_conf">compiletime</P>
      <P Name="BF">100</P>
      <P Name="BF_unit">1</P>
      <P Name="BF_conf">compiletime</P>
      <P Name="IS">1e-14</P>
      <P Name="IS_unit">A</P>
      <P Name="IS_conf">compiletime</P>
      <P Name="VAF">200</P>
      <P Name="VAF_unit">V</P>
      <P Name="VAF_conf">compiletime</P>
      <P Name="hfe">100</P>
      <P Name="hfe_unit">1</P>
      <P Name="hfe_conf">compiletime</P>
      <P Name="hoe">50e-6</P>
      <P Name="hoe_unit">1/Ohm</P>
      <P Name="hoe_conf">compiletime</P>
      <P Name="Ic_h">-1</P>
      <P Name="Ic_h_unit">mA</P>
      <P Name="Ic_h_conf">compiletime</P>
      <P Name="Vce_h">-5</P>
      <P Name="Vce_h_unit">V</P>
      <P Name="Vce_h_conf">compiletime</P>
      <P Name="V1">-0.55</P>
      <P Name="V1_unit">V</P>
      <P Name="V1_conf">compiletime</P>
      <P Name="I1">-0.5</P>
      <P Name="I1_unit">mA</P>
      <P Name="I1_conf">compiletime</P>
      <P Name="BR">1</P>
      <P Name="BR_unit">1</P>
      <P Name="BR_conf">compiletime</P>
      <P Name="Tmeas">25</P>
      <P Name="Tmeas_unit">degC</P>
      <P Name="Tmeas_conf">compiletime</P>
      <P Name="RC">0.01</P>
      <P Name="RC_unit">Ohm</P>
      <P Name="RC_conf">compiletime</P>
      <P Name="RE">1e-4</P>
      <P Name="RE_unit">Ohm</P>
      <P Name="RE_conf">compiletime</P>
      <P Name="RB">1</P>
      <P Name="RB_unit">Ohm</P>
      <P Name="RB_conf">compiletime</P>
      <P Name="C_BC">5</P>
      <P Name="C_BC_unit">pF</P>
      <P Name="C_BC_conf">compiletime</P>
      <P Name="C_BE">5</P>
      <P Name="C_BE_unit">pF</P>
      <P Name="C_BE_conf">compiletime</P>
      <P Name="TF">0</P>
      <P Name="TF_unit">us</P>
      <P Name="TF_conf">compiletime</P>
      <P Name="TR">0</P>
      <P Name="TR_unit">us</P>
      <P Name="TR_conf">compiletime</P>
      <P Name="hfe_T2">125</P>
      <P Name="hfe_T2_unit">1</P>
      <P Name="hfe_T2_conf">compiletime</P>
      <P Name="XTB">0</P>
      <P Name="XTB_unit">1</P>
      <P Name="XTB_conf">compiletime</P>
      <P Name="V1_T2">-0.45</P>
      <P Name="V1_T2_unit">V</P>
      <P Name="V1_T2_conf">compiletime</P>
      <P Name="I1_T2">-0.5</P>
      <P Name="I1_T2_unit">mA</P>
      <P Name="I1_T2_conf">compiletime</P>
      <P Name="Tmeas2">125</P>
      <P Name="Tmeas2_unit">degC</P>
      <P Name="Tmeas2_conf">compiletime</P>
      <P Name="EG">1.11</P>
      <P Name="EG_unit">eV</P>
      <P Name="EG_conf">compiletime</P>
      <P Name="XTI">3</P>
      <P Name="XTI_unit">1</P>
      <P Name="XTI_conf">compiletime</P>
      <P Name="ec">1</P>
      <P Name="ec_unit">1</P>
      <P Name="ec_conf">compiletime</P>
      <P Name="TdeviceDatasheet">25</P>
      <P Name="TdeviceDatasheet_unit">degC</P>
      <P Name="TdeviceDatasheet_conf">compiletime</P>
      <P Name="TdeviceEquCoeff">25</P>
      <P Name="TdeviceEquCoeff_unit">degC</P>
      <P Name="TdeviceEquCoeff_conf">compiletime</P>
      <P Name="thermal_network_parameterization">ee.enum.thermalNetworkTopology.cauer</P>
      <P Name="thermal_network_parameterization_unit">1</P>
      <P Name="thermal_network_parameterization_conf">compiletime</P>
      <P Name="Rth">[0, 10]</P>
      <P Name="Rth_unit">K/W</P>
      <P Name="Rth_conf">compiletime</P>
      <P Name="Rth_Foster">[4, 6]</P>
      <P Name="Rth_Foster_unit">K/W</P>
      <P Name="Rth_Foster_conf">compiletime</P>
      <P Name="thermal_mass_parameterization">ee.enum.thermalNetwork.timeconstant</P>
      <P Name="thermal_mass_parameterization_unit">1</P>
      <P Name="thermal_mass_parameterization_conf">compiletime</P>
      <P Name="thermal_mass">[0, 1]</P>
      <P Name="thermal_mass_unit">J/K</P>
      <P Name="thermal_mass_conf">compiletime</P>
      <P Name="thermal_mass_Foster">[1.5, 3]</P>
      <P Name="thermal_mass_Foster_unit">J/K</P>
      <P Name="thermal_mass_Foster_conf">compiletime</P>
      <P Name="thermal_time_constant">[0, 10]</P>
      <P Name="thermal_time_constant_unit">s</P>
      <P Name="thermal_time_constant_conf">compiletime</P>
      <P Name="thermal_time_constant_Foster">[6, 18]</P>
      <P Name="thermal_time_constant_Foster_unit">s</P>
      <P Name="thermal_time_constant_Foster_conf">compiletime</P>
      <P Name="thermal_mass_initial_temperatures">[25, 25]</P>
      <P Name="thermal_mass_initial_temperatures_unit">degC</P>
      <P Name="thermal_mass_initial_temperatures_conf">compiletime</P>
    </InstanceData>
  </Block>
  <Block BlockType="Reference" Name="PS-Simulink&#xA;Converter" SID="26">
    <P Name="Ports">[0, 1, 0, 0, 0, 1]</P>
    <P Name="Position">[850, 147, 865, 163]</P>
    <P Name="ZOrder">33</P>
    <P Name="LibraryVersion">5.0</P>
    <P Name="SourceBlock">nesl_utility/PS-Simulink
Converter</P>
    <P Name="SourceType">PS-Simulink
Converter</P>
    <P Name="SourceProductBaseCode">SS</P>
    <InstanceData>
      <P Name="RTWMemSecFuncInitTerm">Inherit from model</P>
      <P Name="RTWMemSecFuncExecute">Inherit from model</P>
      <P Name="RTWMemSecDataConstants">Inherit from model</P>
      <P Name="RTWMemSecDataInternal">Inherit from model</P>
      <P Name="RTWMemSecDataParameters">Inherit from model</P>
      <P Name="ContentPreviewEnabled">on</P>
      <P Name="PhysicalDomain">network_engine_domain</P>
      <P Name="SubClassName">ps_output</P>
      <P Name="LeftPortType">input</P>
      <P Name="RightPortType">output</P>
      <P Name="PseudoPeriodic">off</P>
      <P Name="Frequencies">[]</P>
      <P Name="Unit">inherit</P>
      <P Name="AffineConversion">off</P>
    </InstanceData>
  </Block>
  <Block BlockType="Reference" Name="PS-Simulink&#xA;Converter1" SID="32">
    <P Name="Ports">[0, 1, 0, 0, 0, 1]</P>
    <P Name="Position">[850, 162, 865, 178]</P>
    <P Name="ZOrder">38</P>
    <P Name="LibraryVersion">5.0</P>
    <P Name="SourceBlock">nesl_utility/PS-Simulink
Converter</P>
    <P Name="SourceType">PS-Simulink
Converter</P>
    <P Name="SourceProductBaseCode">SS</P>
    <InstanceData>
      <P Name="RTWMemSecFuncInitTerm">Inherit from model</P>
      <P Name="RTWMemSecFuncExecute">Inherit from model</P>
      <P Name="RTWMemSecDataConstants">Inherit from model</P>
      <P Name="RTWMemSecDataInternal">Inherit from model</P>
      <P Name="RTWMemSecDataParameters">Inherit from model</P>
      <P Name="ContentPreviewEnabled">on</P>
      <P Name="PhysicalDomain">network_engine_domain</P>
      <P Name="SubClassName">ps_output</P>
      <P Name="LeftPortType">input</P>
      <P Name="RightPortType">output</P>
      <P Name="PseudoPeriodic">off</P>
      <P Name="Frequencies">[]</P>
      <P Name="Unit">inherit</P>
      <P Name="AffineConversion">off</P>
    </InstanceData>
  </Block>
  <Block BlockType="Reference" Name="PS-Simulink&#xA;Converter2" SID="48">
    <P Name="Ports">[0, 1, 0, 0, 0, 1]</P>
    <P Name="Position">[565, 187, 580, 203]</P>
    <P Name="ZOrder">54</P>
    <P Name="LibraryVersion">5.0</P>
    <P Name="SourceBlock">nesl_utility/PS-Simulink
Converter</P>
    <P Name="SourceType">PS-Simulink
Converter</P>
    <P Name="SourceProductBaseCode">SS</P>
    <InstanceData>
      <P Name="RTWMemSecFuncInitTerm">Inherit from model</P>
      <P Name="RTWMemSecFuncExecute">Inherit from model</P>
      <P Name="RTWMemSecDataConstants">Inherit from model</P>
      <P Name="RTWMemSecDataInternal">Inherit from model</P>
      <P Name="RTWMemSecDataParameters">Inherit from model</P>
      <P Name="ContentPreviewEnabled">on</P>
      <P Name="PhysicalDomain">network_engine_domain</P>
      <P Name="SubClassName">ps_output</P>
      <P Name="LeftPortType">input</P>
      <P Name="RightPortType">output</P>
      <P Name="PseudoPeriodic">off</P>
      <P Name="Frequencies">[]</P>
      <P Name="Unit">inherit</P>
      <P Name="AffineConversion">off</P>
    </InstanceData>
    <Port>
      <P Name="PortNumber">1</P>
      <P Name="Name">Voltage</P>
    </Port>
  </Block>
  <Block BlockType="Reference" Name="Positive Supply Rail" SID="55">
    <P Name="Ports">[0, 0, 0, 0, 0, 0, 1]</P>
    <P Name="Position">[220, 100, 260, 140]</P>
    <P Name="ZOrder">58</P>
    <P Name="BlockRotation">270</P>
    <P Name="BlockMirror">on</P>
    <P Name="NameLocation">right</P>
    <P Name="LibraryVersion">10001000.3</P>
    <P Name="SourceBlock">ee_lib/Sources/Positive Supply Rail</P>
    <P Name="SourceType">Positive Supply Rail</P>
    <P Name="SourceProductBaseCode">PS</P>
    <InstanceData>
      <P Name="LogSimulationData">off</P>
      <P Name="SourceFile">ee.sources.rail_positive</P>
      <P Name="InternalSimscapePortConfiguration">{&quot;Bottom&quot;:[],&quot;Left&quot;:[],&quot;Right&quot;:[{&quot;id&quot;:&quot;p&quot;,&quot;label&quot;:&quot;&quot;,&quot;type&quot;:&quot;foundation.electrical.electrical&quot;}],&quot;Top&quot;:[]}</P>
      <P Name="ComponentPath">ee.sources.rail_positive</P>
      <P Name="ComponentVariants">[&quot;ee.sources.rail_positive&quot;]</P>
      <P Name="ComponentVariantNames">[&quot;rail_positive&quot;]</P>
      <P Name="ClassName">rail_positive</P>
      <P Name="SchemaVersion">1</P>
      <P Name="v0">12</P>
      <P Name="v0_unit">V</P>
      <P Name="v0_conf">compiletime</P>
    </InstanceData>
  </Block>
  <Block BlockType="Reference" Name="Repeating&#xA;Sequence1" SID="37">
    <P Name="Ports">[0, 1]</P>
    <P Name="Position">[-870, 279, -745, 341]</P>
    <P Name="ZOrder">42</P>
    <P Name="LibraryVersion">1.465</P>
    <P Name="SourceBlock">simulink/Sources/Repeating
Sequence</P>
    <P Name="SourceType">Repeating table</P>
    <P Name="SourceProductBaseCode">SL</P>
    <InstanceData>
      <P Name="RTWMemSecFuncInitTerm">Inherit from model</P>
      <P Name="RTWMemSecFuncExecute">Inherit from model</P>
      <P Name="RTWMemSecDataConstants">Inherit from model</P>
      <P Name="RTWMemSecDataInternal">Inherit from model</P>
      <P Name="RTWMemSecDataParameters">Inherit from model</P>
      <P Name="ContentPreviewEnabled">on</P>
      <P Name="rep_seq_t">t</P>
      <P Name="rep_seq_y">vel_ajustado</P>
    </InstanceData>
    <Port>
      <P Name="PortNumber">1</P>
      <P Name="Name">velocidad</P>
    </Port>
  </Block>
  <Block BlockType="Reference" Name="Repeating&#xA;Sequence2" SID="38">
    <P Name="Ports">[0, 1]</P>
    <P Name="Position">[-870, 147, -745, 223]</P>
    <P Name="ZOrder">43</P>
    <P Name="LibraryVersion">1.465</P>
    <P Name="SourceBlock">simulink/Sources/Repeating
Sequence</P>
    <P Name="SourceType">Repeating table</P>
    <P Name="SourceProductBaseCode">SL</P>
    <InstanceData>
      <P Name="RTWMemSecFuncInitTerm">Inherit from model</P>
      <P Name="RTWMemSecFuncExecute">Inherit from model</P>
      <P Name="RTWMemSecDataConstants">Inherit from model</P>
      <P Name="RTWMemSecDataInternal">Inherit from model</P>
      <P Name="RTWMemSecDataParameters">Inherit from model</P>
      <P Name="ContentPreviewEnabled">on</P>
      <P Name="rep_seq_t">t</P>
      <P Name="rep_seq_y">pos_norm</P>
    </InstanceData>
  </Block>
  <Block BlockType="Reference" Name="Resistor" SID="15">
    <P Name="Ports">[0, 0, 0, 0, 0, 1, 1]</P>
    <P Name="Position">[540, 211, 580, 239]</P>
    <P Name="ZOrder">22</P>
    <P Name="LibraryVersion">10001000.1</P>
    <P Name="SourceBlock">fl_lib/Electrical/Electrical Elements/Resistor</P>
    <P Name="SourceType">Resistor</P>
    <P Name="SourceProductBaseCode">SS</P>
    <InstanceData>
      <P Name="LogSimulationData">off</P>
      <P Name="SourceFile">foundation.electrical.elements.resistor</P>
      <P Name="InternalSimscapePortConfiguration">{&quot;Bottom&quot;:[],&quot;Left&quot;:[{&quot;id&quot;:&quot;p&quot;,&quot;label&quot;:&quot;+&quot;,&quot;type&quot;:&quot;foundation.electrical.electrical&quot;}],&quot;Right&quot;:[{&quot;id&quot;:&quot;n&quot;,&quot;label&quot;:&quot;-&quot;,&quot;type&quot;:&quot;foundation.electrical.electrical&quot;}],&quot;Top&quot;:[]}</P>
      <P Name="ComponentPath">foundation.electrical.elements.resistor</P>
      <P Name="ComponentVariants">[&quot;foundation.electrical.elements.resistor&quot;]</P>
      <P Name="ComponentVariantNames">[&quot;resistor&quot;]</P>
      <P Name="ClassName">resistor</P>
      <P Name="SchemaVersion">1</P>
      <P Name="R">0.05</P>
      <P Name="R_unit">Ohm</P>
      <P Name="R_conf">compiletime</P>
      <P Name="i_specify">off</P>
      <P Name="i_priority">None</P>
      <P Name="i">0</P>
      <P Name="i_unit">A</P>
      <P Name="i_nominal_specify">off</P>
      <P Name="i_nominal_unit">A</P>
      <P Name="i_nominal_value">1</P>
      <P Name="v_specify">off</P>
      <P Name="v_priority">None</P>
      <P Name="v">0</P>
      <P Name="v_unit">V</P>
      <P Name="v_nominal_specify">off</P>
      <P Name="v_nominal_unit">V</P>
      <P Name="v_nominal_value">1</P>
    </InstanceData>
  </Block>
  <Block BlockType="Reference" Name="Rotational Damper" SID="6">
    <P Name="Ports">[0, 0, 0, 0, 0, 1, 1]</P>
    <P Name="Position">[715, 246, 755, 274]</P>
    <P Name="ZOrder">13</P>
    <P Name="LibraryVersion">10001000.1</P>
    <P Name="SourceBlock">fl_lib/Mechanical/Rotational Elements/Rotational Damper</P>
    <P Name="SourceType">Rotational Damper</P>
    <P Name="SourceProductBaseCode">SS</P>
    <InstanceData>
      <P Name="LogSimulationData">off</P>
      <P Name="SourceFile">foundation.mechanical.rotational.damper</P>
      <P Name="InternalSimscapePortConfiguration">{&quot;Bottom&quot;:[],&quot;Left&quot;:[{&quot;id&quot;:&quot;R&quot;,&quot;label&quot;:&quot;R&quot;,&quot;type&quot;:&quot;foundation.mechanical.rotational.rotational&quot;}],&quot;Right&quot;:[{&quot;id&quot;:&quot;C&quot;,&quot;label&quot;:&quot;C&quot;,&quot;type&quot;:&quot;foundation.mechanical.rotational.rotational&quot;}],&quot;Top&quot;:[]}</P>
      <P Name="ComponentPath">foundation.mechanical.rotational.damper</P>
      <P Name="ComponentVariants">[&quot;foundation.mechanical.rotational.damper&quot;]</P>
      <P Name="ComponentVariantNames">[&quot;damper&quot;]</P>
      <P Name="ClassName">damper</P>
      <P Name="SchemaVersion">1</P>
      <P Name="D">0.001</P>
      <P Name="D_unit">N*m/(rad/s)</P>
      <P Name="D_conf">compiletime</P>
      <P Name="w_specify">off</P>
      <P Name="w_priority">None</P>
      <P Name="w">0</P>
      <P Name="w_unit">rad/s</P>
      <P Name="w_nominal_specify">off</P>
      <P Name="w_nominal_unit">rad/s</P>
      <P Name="w_nominal_value">1</P>
      <P Name="t_specify">off</P>
      <P Name="t_priority">None</P>
      <P Name="t">0</P>
      <P Name="t_unit">N*m</P>
      <P Name="t_nominal_specify">off</P>
      <P Name="t_nominal_unit">N*m</P>
      <P Name="t_nominal_value">1</P>
    </InstanceData>
  </Block>
  <Block BlockType="Reference" Name="Rotational Inerter" SID="7">
    <P Name="Ports">[0, 0, 0, 0, 0, 1, 1]</P>
    <P Name="Position">[775, 240, 800, 280]</P>
    <P Name="ZOrder">14</P>
    <P Name="LibraryVersion">10001000.1</P>
    <P Name="SourceBlock">fl_lib/Mechanical/Rotational Elements/Rotational Inerter</P>
    <P Name="SourceType">Rotational Inerter</P>
    <P Name="SourceProductBaseCode">SS</P>
    <InstanceData>
      <P Name="LogSimulationData">off</P>
      <P Name="SourceFile">foundation.mechanical.rotational.inerter</P>
      <P Name="InternalSimscapePortConfiguration">{&quot;Bottom&quot;:[],&quot;Left&quot;:[{&quot;id&quot;:&quot;R&quot;,&quot;label&quot;:&quot;R&quot;,&quot;type&quot;:&quot;foundation.mechanical.rotational.rotational&quot;}],&quot;Right&quot;:[{&quot;id&quot;:&quot;C&quot;,&quot;label&quot;:&quot;C&quot;,&quot;type&quot;:&quot;foundation.mechanical.rotational.rotational&quot;}],&quot;Top&quot;:[]}</P>
      <P Name="ComponentPath">foundation.mechanical.rotational.inerter</P>
      <P Name="ComponentVariants">[&quot;foundation.mechanical.rotational.inerter&quot;]</P>
      <P Name="ComponentVariantNames">[&quot;inerter&quot;]</P>
      <P Name="ClassName">inerter</P>
      <P Name="SchemaVersion">1</P>
      <P Name="B">0.01</P>
      <P Name="B_unit">kg*m^2</P>
      <P Name="B_conf">compiletime</P>
      <P Name="w_specify">off</P>
      <P Name="w_priority">High</P>
      <P Name="w">0</P>
      <P Name="w_unit">rad/s</P>
      <P Name="w_nominal_specify">off</P>
      <P Name="w_nominal_unit">rad/s</P>
      <P Name="w_nominal_value">1</P>
      <P Name="t_specify">off</P>
      <P Name="t_priority">None</P>
      <P Name="t">0</P>
      <P Name="t_unit">N*m</P>
      <P Name="t_nominal_specify">off</P>
      <P Name="t_nominal_unit">N*m</P>
      <P Name="t_nominal_value">1</P>
    </InstanceData>
  </Block>
  <Block BlockType="Reference" Name="Rotational Inerter1" SID="11">
    <P Name="Ports">[0, 0, 0, 0, 0, 1, 1]</P>
    <P Name="Position">[940, 285, 965, 325]</P>
    <P Name="ZOrder">18</P>
    <P Name="LibraryVersion">10001000.1</P>
    <P Name="SourceBlock">fl_lib/Mechanical/Rotational Elements/Rotational Inerter</P>
    <P Name="SourceType">Rotational Inerter</P>
    <P Name="SourceProductBaseCode">SS</P>
    <InstanceData>
      <P Name="LogSimulationData">off</P>
      <P Name="SourceFile">foundation.mechanical.rotational.inerter</P>
      <P Name="InternalSimscapePortConfiguration">{&quot;Bottom&quot;:[],&quot;Left&quot;:[{&quot;id&quot;:&quot;R&quot;,&quot;label&quot;:&quot;R&quot;,&quot;type&quot;:&quot;foundation.mechanical.rotational.rotational&quot;}],&quot;Right&quot;:[{&quot;id&quot;:&quot;C&quot;,&quot;label&quot;:&quot;C&quot;,&quot;type&quot;:&quot;foundation.mechanical.rotational.rotational&quot;}],&quot;Top&quot;:[]}</P>
      <P Name="ComponentPath">foundation.mechanical.rotational.inerter</P>
      <P Name="ComponentVariants">[&quot;foundation.mechanical.rotational.inerter&quot;]</P>
      <P Name="ComponentVariantNames">[&quot;inerter&quot;]</P>
      <P Name="ClassName">inerter</P>
      <P Name="SchemaVersion">1</P>
      <P Name="B">5</P>
      <P Name="B_unit">kg*m^2</P>
      <P Name="B_conf">compiletime</P>
      <P Name="w_specify">off</P>
      <P Name="w_priority">High</P>
      <P Name="w">0</P>
      <P Name="w_unit">rad/s</P>
      <P Name="w_nominal_specify">off</P>
      <P Name="w_nominal_unit">rad/s</P>
      <P Name="w_nominal_value">1</P>
      <P Name="t_specify">off</P>
      <P Name="t_priority">None</P>
      <P Name="t">0</P>
      <P Name="t_unit">N*m</P>
      <P Name="t_nominal_specify">off</P>
      <P Name="t_nominal_unit">N*m</P>
      <P Name="t_nominal_value">1</P>
    </InstanceData>
  </Block>
  <Block BlockType="Reference" Name="Rotational Spring" SID="8">
    <P Name="Ports">[0, 0, 0, 0, 0, 1, 1]</P>
    <P Name="Position">[935, 246, 975, 274]</P>
    <P Name="ZOrder">15</P>
    <P Name="LibraryVersion">10001000.1</P>
    <P Name="SourceBlock">fl_lib/Mechanical/Rotational Elements/Rotational Spring</P>
    <P Name="SourceType">Rotational Spring</P>
    <P Name="SourceProductBaseCode">SS</P>
    <InstanceData>
      <P Name="LogSimulationData">off</P>
      <P Name="SourceFile">foundation.mechanical.rotational.spring</P>
      <P Name="InternalSimscapePortConfiguration">{&quot;Bottom&quot;:[],&quot;Left&quot;:[{&quot;id&quot;:&quot;R&quot;,&quot;label&quot;:&quot;R&quot;,&quot;type&quot;:&quot;foundation.mechanical.rotational.rotational&quot;}],&quot;Right&quot;:[{&quot;id&quot;:&quot;C&quot;,&quot;label&quot;:&quot;C&quot;,&quot;type&quot;:&quot;foundation.mechanical.rotational.rotational&quot;}],&quot;Top&quot;:[]}</P>
      <P Name="ComponentPath">foundation.mechanical.rotational.spring</P>
      <P Name="ComponentVariants">[&quot;foundation.mechanical.rotational.spring&quot;]</P>
      <P Name="ComponentVariantNames">[&quot;spring&quot;]</P>
      <P Name="ClassName">spring</P>
      <P Name="SchemaVersion">1</P>
      <P Name="spr_rate">10</P>
      <P Name="spr_rate_unit">N*m/rad</P>
      <P Name="spr_rate_conf">compiletime</P>
      <P Name="w_specify">off</P>
      <P Name="w_priority">None</P>
      <P Name="w">0</P>
      <P Name="w_unit">rad/s</P>
      <P Name="w_nominal_specify">off</P>
      <P Name="w_nominal_unit">rad/s</P>
      <P Name="w_nominal_value">1</P>
      <P Name="t_specify">off</P>
      <P Name="t_priority">None</P>
      <P Name="t">0</P>
      <P Name="t_unit">N*m</P>
      <P Name="t_nominal_specify">off</P>
      <P Name="t_nominal_unit">N*m</P>
      <P Name="t_nominal_value">1</P>
      <P Name="phi_specify">off</P>
      <P Name="phi_priority">High</P>
      <P Name="phi">0</P>
      <P Name="phi_unit">rad</P>
      <P Name="phi_nominal_specify">off</P>
      <P Name="phi_nominal_unit">rad</P>
      <P Name="phi_nominal_value">1</P>
    </InstanceData>
  </Block>
  <Block BlockType="Scope" Name="Scope" SID="30">
    <P Name="Ports">[3]</P>
    <P Name="Position">[1125, 203, 1155, 237]</P>
    <P Name="ZOrder">36</P>
    <P Name="ScopeSpecificationString">Simulink.scopes.TimeScopeBlockCfg(&apos;CurrentConfiguration&apos;, extmgr.ConfigurationSet(extmgr.Configuration(&apos;Core&apos;,&apos;General UI&apos;,true),extmgr.Configuration(&apos;Core&apos;,&apos;Source UI&apos;,true),extmgr.Configuration(&apos;Sources&apos;,&apos;WiredSimulink&apos;,true,&apos;SampleTime&apos;,&apos;0.0001&apos;),extmgr.Configuration(&apos;Visuals&apos;,&apos;Time Domain&apos;,true,&apos;SerializedDisplays&apos;,{struct(&apos;MinYLimReal&apos;,&apos;-2.23986&apos;,&apos;MaxYLimReal&apos;,&apos;2.79332&apos;,&apos;YLabelReal&apos;,&apos;&apos;,&apos;MinYLimMag&apos;,&apos;0.00000&apos;,&apos;MaxYLimMag&apos;,&apos;2.79332&apos;,&apos;LegendVisibility&apos;,&apos;On&apos;,&apos;XGrid&apos;,true,&apos;YGrid&apos;,true,&apos;PlotMagPhase&apos;,false,&apos;AxesColor&apos;,[0 0 0],&apos;AxesTickColor&apos;,[0.686274509803922 0.686274509803922 0.686274509803922],&apos;ColorOrder&apos;,[1 1 0.0666666666666667;0.0745098039215686 0.623529411764706 1;1 0.411764705882353 0.16078431372549;0.392156862745098 0.831372549019608 0.0745098039215686;0.717647058823529 0.274509803921569 1;0.0588235294117647 1 1;1 0.0745098039215686 0.650980392156863],&apos;Title&apos;,&apos;%&lt;SignalLabel&gt;&apos;,&apos;LinePropertiesCache&apos;,{{struct(&apos;Visible&apos;,&apos;on&apos;),struct(&apos;Visible&apos;,&apos;on&apos;),struct(&apos;Visible&apos;,&apos;on&apos;),struct(&apos;Visible&apos;,&apos;on&apos;),struct(&apos;Visible&apos;,&apos;off&apos;)}},&apos;UserDefinedChannelNames&apos;,{{}},&apos;NumLines&apos;,5,&apos;LineNames&apos;,{{&apos;State_var:1&apos;,&apos;State_var:2&apos;,&apos;Input:1&apos;,&apos;Input:2&apos;,&apos;Voltage&apos;}},&apos;ShowContent&apos;,true,&apos;Placement&apos;,1)},&apos;DisplayPropertyDefaults&apos;,struct(&apos;MinYLimReal&apos;,&apos;-2.23986&apos;,&apos;MaxYLimReal&apos;,&apos;2.79332&apos;,&apos;YLabelReal&apos;,&apos;&apos;,&apos;MinYLimMag&apos;,&apos;0.00000&apos;,&apos;MaxYLimMag&apos;,&apos;2.79332&apos;,&apos;LegendVisibility&apos;,&apos;On&apos;,&apos;XGrid&apos;,true,&apos;YGrid&apos;,true,&apos;PlotMagPhase&apos;,false,&apos;AxesColor&apos;,[0 0 0],&apos;AxesTickColor&apos;,[0.686274509803922 0.686274509803922 0.686274509803922],&apos;ColorOrder&apos;,[0.0745098039215686 0.623529411764706 1;1 0.411764705882353 0.16078431372549;1 1 0.0666666666666667;0.717647058823529 0.274509803921569 1;0.392156862745098 0.831372549019608 0.0745098039215686;0.0588235294117647 1 1;1 0.0745098039215686 0.650980392156863])),extmgr.Configuration(&apos;Tools&apos;,&apos;Plot Navigation&apos;,true,&apos;OnceAtStop&apos;,false,&apos;PreviousAutoscale&apos;,&apos;X&apos;),extmgr.Configuration(&apos;Tools&apos;,&apos;Measurements&apos;,true,&apos;Version&apos;,&apos;2020a&apos;)),&apos;Version&apos;,&apos;2020a&apos;,&apos;Position&apos;,[1 1 1920 954],&apos;OpenAtMdlStart&apos;,true)</P>
    <P Name="NumInputPorts">3</P>
    <P Name="Floating">off</P>
  </Block>
  <Block BlockType="Reference" Name="Simulink-PS&#xA;Converter" SID="22">
    <P Name="Ports">[1, 0, 0, 0, 0, 0, 1]</P>
    <P Name="Position">[-365, 257, -350, 273]</P>
    <P Name="ZOrder">29</P>
    <P Name="LibraryVersion">5.0</P>
    <P Name="SourceBlock">nesl_utility/Simulink-PS
Converter</P>
    <P Name="SourceType">Simulink-PS
Converter</P>
    <P Name="SourceProductBaseCode">SS</P>
    <InstanceData>
      <P Name="RTWMemSecFuncInitTerm">Inherit from model</P>
      <P Name="RTWMemSecFuncExecute">Inherit from model</P>
      <P Name="RTWMemSecDataConstants">Inherit from model</P>
      <P Name="RTWMemSecDataInternal">Inherit from model</P>
      <P Name="RTWMemSecDataParameters">Inherit from model</P>
      <P Name="ContentPreviewEnabled">on</P>
      <P Name="PhysicalDomain">network_engine_domain</P>
      <P Name="SubClassName">ps_input</P>
      <P Name="LeftPortType">input</P>
      <P Name="RightPortType">output</P>
      <P Name="PseudoPeriodic">off</P>
      <P Name="Frequencies">[]</P>
      <P Name="NoiseDistribution">none</P>
      <P Name="NoiseParameters">[]</P>
      <P Name="Unit">1</P>
      <P Name="AffineConversion">off</P>
      <P Name="FilteringAndDerivatives">provide</P>
      <P Name="SimscapeFilterOrder">1</P>
      <P Name="InputFilterTimeConstant">0.001</P>
      <P Name="UdotUserProvided">0</P>
    </InstanceData>
  </Block>
  <Block BlockType="Reference" Name="Solver&#xA;Configuration" SID="29">
    <P Name="Ports">[0, 0, 0, 0, 0, 0, 1]</P>
    <P Name="Position">[-405, 294, -360, 326]</P>
    <P Name="ZOrder">35</P>
    <P Name="LibraryVersion">5.0</P>
    <P Name="SourceBlock">nesl_utility/Solver
Configuration</P>
    <P Name="SourceType">Solver
Configuration</P>
    <P Name="SourceProductBaseCode">SS</P>
    <InstanceData>
      <P Name="RTWMemSecFuncInitTerm">Inherit from model</P>
      <P Name="RTWMemSecFuncExecute">Inherit from model</P>
      <P Name="RTWMemSecDataConstants">Inherit from model</P>
      <P Name="RTWMemSecDataInternal">Inherit from model</P>
      <P Name="RTWMemSecDataParameters">Inherit from model</P>
      <P Name="ContentPreviewEnabled">on</P>
      <P Name="PhysicalDomain">network_engine_domain</P>
      <P Name="SubClassName">solver</P>
      <P Name="LeftPortType">input</P>
      <P Name="RightPortType">generic</P>
      <P Name="Tones">[]</P>
      <P Name="Harmonics">[]</P>
      <P Name="SimulateNoise">off</P>
      <P Name="Profile">off</P>
      <P Name="UseLocalSampling">off</P>
      <P Name="EnableSwitchedLinearOptims">on</P>
      <P Name="FrequencyDomain">off</P>
      <P Name="UseCCode">off</P>
      <P Name="RelTol">0.001</P>
      <P Name="AbsTol">1e-06</P>
      <P Name="MinStep">1e-09</P>
      <P Name="ToWorkspace">off</P>
      <P Name="RevertToSquareIcSolve">off</P>
      <P Name="NumHomotopyIterations">100</P>
      <P Name="PhasorMode">off</P>
      <P Name="PhasorModeNumHarmonics">1</P>
      <P Name="DoDC">off</P>
      <P Name="ResidualTolerance">1e-09</P>
      <P Name="UseLocalSolver">off</P>
      <P Name="LocalSolverChoice">NE_BACKWARD_EULER_ADVANCER</P>
      <P Name="LocalSolverSampleTime">0.001</P>
      <P Name="DoFixedCost">off</P>
      <P Name="MaxNonlinIter">3</P>
      <P Name="MaxModeIter">2</P>
      <P Name="LinearAlgebra">auto</P>
      <P Name="EquationFormulation">NE_TIME_EF</P>
      <P Name="DelaysMemoryBudget">1024</P>
      <P Name="AutomaticFiltering">on</P>
      <P Name="FilteringTimeConstant">0.001</P>
      <P Name="PartitionStorageMethod">AS_NEEDED</P>
      <P Name="PartitionMemoryBudget">1024</P>
      <P Name="PartitionMethod">ROBUST</P>
    </InstanceData>
  </Block>
  <Block BlockType="Sum" Name="Sum" SID="34">
    <P Name="Ports">[2, 1]</P>
    <P Name="Position">[-455, 255, -435, 275]</P>
    <P Name="ZOrder">40</P>
    <P Name="Inputs">|--</P>
  </Block>
  <Block BlockType="Sum" Name="Sum1" SID="39">
    <P Name="Ports">[2, 1]</P>
    <P Name="Position">[-635, 255, -615, 275]</P>
    <P Name="ZOrder">44</P>
    <P Name="Inputs">|+-</P>
  </Block>
  <Block BlockType="Reference" Name="Voltage Sensor" SID="45">
    <P Name="Ports">[0, 0, 0, 0, 0, 1, 2]</P>
    <P Name="Position">[480, 145, 520, 185]</P>
    <P Name="ZOrder">51</P>
    <P Name="BlockRotation">270</P>
    <P Name="BlockMirror">on</P>
    <P Name="NameLocation">right</P>
    <P Name="LibraryVersion">10001000.1</P>
    <P Name="SourceBlock">fl_lib/Electrical/Electrical Sensors/Voltage Sensor</P>
    <P Name="SourceType">Voltage Sensor</P>
    <P Name="SourceProductBaseCode">SS</P>
    <InstanceData>
      <P Name="LogSimulationData">off</P>
      <P Name="SourceFile">foundation.electrical.sensors.voltage</P>
      <P Name="InternalSimscapePortConfiguration">{&quot;Bottom&quot;:[],&quot;Left&quot;:[{&quot;id&quot;:&quot;p&quot;,&quot;label&quot;:&quot;+&quot;,&quot;type&quot;:&quot;foundation.electrical.electrical&quot;}],&quot;Right&quot;:[{&quot;id&quot;:&quot;V&quot;,&quot;label&quot;:&quot;V&quot;,&quot;type&quot;:&quot;output&quot;},{&quot;id&quot;:&quot;n&quot;,&quot;label&quot;:&quot;-&quot;,&quot;type&quot;:&quot;foundation.electrical.electrical&quot;}],&quot;Top&quot;:[]}</P>
      <P Name="ComponentPath">foundation.electrical.sensors.voltage</P>
      <P Name="ComponentVariants">[&quot;foundation.electrical.sensors.voltage&quot;]</P>
      <P Name="ComponentVariantNames">[&quot;voltage&quot;]</P>
      <P Name="ClassName">voltage</P>
      <P Name="SchemaVersion">1</P>
    </InstanceData>
  </Block>
  <Line LineType="Connection">
    <P Name="ZOrder">1</P>
    <P Name="Src">6#lconn:1</P>
    <P Name="Points">[-4, 0; 0, -24]</P>
    <Branch ConnectType="DEST_DEST">
      <P Name="Src">18#lconn:1</P>
      <P Name="Points">[-29, 0; 0, 81]</P>
    </Branch>
    <Branch ConnectType="DEST_SRC">
      <P Name="Points">[-46, 0]</P>
      <P Name="Dst">1#lconn:2</P>
    </Branch>
  </Line>
  <Line LineType="Connection">
    <P Name="ZOrder">2</P>
    <P Name="Src">6#rconn:1</P>
    <P Name="Dst">7#lconn:1</P>
  </Line>
  <Line LineType="Connection">
    <P Name="ZOrder">3</P>
    <P Name="Src">7#rconn:1</P>
    <P Name="Dst">5#lconn:1</P>
  </Line>
  <Line LineType="Connection">
    <P Name="ZOrder">4</P>
    <P Name="Src">8#lconn:1</P>
    <P Name="Points">[-30, 0]</P>
    <Branch ConnectType="DEST_DEST">
      <P Name="Src">11#lconn:1</P>
      <P Name="Points">[-35, 0; 0, -45]</P>
    </Branch>
    <Branch ConnectType="DEST_SRC">
      <P Name="Dst">5#rconn:1</P>
    </Branch>
  </Line>
  <Line LineType="Connection">
    <P Name="ZOrder">9</P>
    <P Name="Src">10#lconn:1</P>
    <P Name="Points">[0, 5]</P>
    <P Name="Dst">11#rconn:1</P>
  </Line>
  <Line LineType="Connection">
    <P Name="ZOrder">10</P>
    <P Name="Src">9#lconn:1</P>
    <P Name="Points">[0, 10]</P>
    <P Name="Dst">8#rconn:1</P>
  </Line>
  <Line LineType="Connection">
    <P Name="ZOrder">12</P>
    <P Name="Src">12#lconn:1</P>
    <P Name="Points">[0, 7; -45, 0]</P>
    <P Name="Dst">1#rconn:2</P>
  </Line>
  <Line LineType="Connection">
    <P Name="ZOrder">13</P>
    <P Name="Src">15#rconn:1</P>
    <P Name="Points">[15, 0; 0, 10]</P>
    <Branch ConnectType="DEST_DEST">
      <P Name="Src">45#lconn:1</P>
      <P Name="Points">[0, -9; 109, 0; 0, 114; 1, 0]</P>
    </Branch>
    <Branch ConnectType="DEST_SRC">
      <P Name="Dst">1#lconn:1</P>
    </Branch>
  </Line>
  <Line LineType="Connection">
    <P Name="ZOrder">25</P>
    <P Name="Points">[510, 349; -60, 0]</P>
    <Branch ConnectType="SRC_DEST">
      <P Name="Src">45#rconn:2</P>
      <P Name="Points">[0, 149]</P>
    </Branch>
    <Branch ConnectType="SRC_DEST">
      <P Name="Src">1#rconn:1</P>
      <P Name="Points">[0, 24; -100, 0]</P>
    </Branch>
    <Branch ConnectType="DEST_SRC">
      <P Name="Dst">17#lconn:1</P>
    </Branch>
    <Branch ConnectType="DEST_DEST">
      <P Name="Points">[-310, 310; 0, 39; 760, 0]</P>
      <Branch ConnectType="SRC_DEST">
        <P Name="Src">29#rconn:1</P>
        <P Name="Points">[35, 0]</P>
      </Branch>
      <Branch ConnectType="SRC_DEST">
        <P Name="Src">25#rconn:2</P>
        <P Name="Points">[0, 70]</P>
      </Branch>
    </Branch>
  </Line>
  <Line LineType="Connection">
    <P Name="ZOrder">33</P>
    <P Name="Src">22#rconn:1</P>
    <P Name="Points">[5, 0]</P>
    <P Name="Dst">25#rconn:1</P>
  </Line>
  <Line LineType="Connection">
    <P Name="ZOrder">44</P>
    <P Name="Src">27#lconn:1</P>
    <P Name="Dst">18#rconn:1</P>
  </Line>
  <Line LineType="Connection">
    <P Name="ZOrder">45</P>
    <P Name="Src">26#lconn:1</P>
    <P Name="Dst">18#rconn:2</P>
  </Line>
  <Line LineType="Connection">
    <P Name="ZOrder">58</P>
    <P Name="Src">32#lconn:1</P>
    <P Name="Dst">18#rconn:3</P>
  </Line>
  <Line>
    <P Name="ZOrder">60</P>
    <P Name="Src">32#out:1</P>
    <P Name="Points">[33, 0; 0, 30]</P>
    <P Name="Dst">33#in:1</P>
  </Line>
  <Line>
    <P Name="ZOrder">61</P>
    <P Name="Src">26#out:1</P>
    <P Name="Points">[14, 0; 0, 65]</P>
    <P Name="Dst">33#in:2</P>
  </Line>
  <Line>
    <P Name="ZOrder">65</P>
    <P Name="Src">34#out:1</P>
    <P Name="Dst">22#in:1</P>
  </Line>
  <Line>
    <P Name="ZOrder">66</P>
    <P Name="Src">35#out:1</P>
    <P Name="Points">[-1045, 0]</P>
    <P Name="Dst">34#in:2</P>
  </Line>
  <Line>
    <P Name="Name">Input</P>
    <P Name="ZOrder">71</P>
    <P Name="Labels">[0, 0]</P>
    <P Name="Src">36#out:1</P>
    <P Name="Points">[21, 0]</P>
    <Branch>
      <P Name="ZOrder">91</P>
      <P Name="Points">[0, -205; 1763, 0; 0, 160]</P>
      <P Name="Dst">30#in:2</P>
    </Branch>
    <Branch>
      <P Name="ZOrder">90</P>
      <P Name="Dst">39#in:1</P>
    </Branch>
  </Line>
  <Line>
    <P Name="Name">velocidad</P>
    <P Name="ZOrder">74</P>
    <P Name="Labels">[0, 0]</P>
    <P Name="Src">37#out:1</P>
    <P Name="Points">[25, 0; 0, -35]</P>
    <P Name="Dst">36#in:2</P>
  </Line>
  <Line>
    <P Name="ZOrder">77</P>
    <P Name="Src">38#out:1</P>
    <P Name="Points">[25, 0; 0, 70]</P>
    <P Name="Dst">36#in:1</P>
  </Line>
  <Line>
    <P Name="ZOrder">78</P>
    <P Name="Src">41#out:1</P>
    <P Name="Dst">40#in:1</P>
  </Line>
  <Line>
    <P Name="ZOrder">83</P>
    <P Name="Src">39#out:1</P>
    <P Name="Dst">41#in:1</P>
  </Line>
  <Line>
    <P Name="ZOrder">84</P>
    <P Name="Src">40#out:1</P>
    <P Name="Dst">34#in:1</P>
  </Line>
  <Line>
    <P Name="Name">State_var</P>
    <P Name="ZOrder">62</P>
    <P Name="Labels">[0, 0]</P>
    <P Name="Src">33#out:1</P>
    <P Name="Points">[142, 0]</P>
    <Branch>
      <P Name="ZOrder">68</P>
      <P Name="Points">[0, -27; -195, 0; 0, 272; -247, 0]</P>
      <Branch>
        <P Name="ZOrder">239</P>
        <P Name="Points">[-8, 0; 0, -60; -1267, 0]</P>
        <P Name="Dst">39#in:2</P>
      </Branch>
      <Branch>
        <P Name="ZOrder">88</P>
        <P Name="Dst">35#in:1</P>
      </Branch>
    </Branch>
    <Branch>
      <P Name="ZOrder">67</P>
      <P Name="Dst">30#in:1</P>
    </Branch>
  </Line>
  <Line LineType="Connection">
    <P Name="ZOrder">113</P>
    <P Name="Src">48#lconn:1</P>
    <P Name="Points">[-60, 0]</P>
    <P Name="Dst">45#rconn:1</P>
  </Line>
  <Line>
    <P Name="Name">Voltage</P>
    <P Name="ZOrder">114</P>
    <P Name="Labels">[0, 0]</P>
    <P Name="Src">48#out:1</P>
    <P Name="Points">[53, 0; 0, -84; 334, 0; 0, 119]</P>
    <P Name="Dst">30#in:3</P>
  </Line>
  <Line LineType="Connection">
    <P Name="ZOrder">166</P>
    <P Name="Src">54#rconn:1</P>
    <P Name="Points">[9, 0; 0, -25]</P>
    <Branch ConnectType="DEST_DEST">
      <P Name="Points">[307, 225; 0, -10; -43, 0]</P>
      <Branch ConnectType="SRC_DEST">
        <P Name="Src">15#lconn:1</P>
        <P Name="Points">[-218, 0]</P>
      </Branch>
      <Branch ConnectType="SRC_DEST">
        <P Name="Src">52#lconn:2</P>
        <P Name="Points">[-9, 0; 0, 68; 246, 0; 0, -73]</P>
      </Branch>
    </Branch>
    <Branch ConnectType="DEST_SRC">
      <P Name="Points">[0, -25]</P>
      <P Name="Dst">53#rconn:2</P>
    </Branch>
  </Line>
  <Line LineType="Connection">
    <P Name="ZOrder">167</P>
    <P Name="Src">54#lconn:1</P>
    <P Name="Points">[-30, 0; 0, -30]</P>
    <Branch ConnectType="DEST_DEST">
      <P Name="Src">53#lconn:1</P>
      <P Name="Points">[-25, 0; 0, 50]</P>
    </Branch>
    <Branch ConnectType="DEST_SRC">
      <P Name="Dst">52#rconn:1</P>
    </Branch>
  </Line>
  <Line LineType="Connection">
    <P Name="ZOrder">177</P>
    <P Name="Src">55#rconn:1</P>
    <P Name="Points">[0, 5]</P>
    <P Name="Dst">53#rconn:1</P>
  </Line>
  <Line LineType="Connection">
    <P Name="ZOrder">233</P>
    <P Name="Src">52#lconn:1</P>
    <P Name="Points">[-178, 0; 0, -62; -212, 0]</P>
    <P Name="Dst">25#lconn:1</P>
  </Line>
  <Line LineType="Connection">
    <P Name="ZOrder">234</P>
    <P Name="Src">66#lconn:1</P>
    <P Name="Points">[0, -30]</P>
    <P Name="Dst">54#rconn:2</P>
  </Line>
</System>
