<?xml version="1.0" encoding="utf-8"?>
<GraphicalInterface>
  <P Name="NumRootInports">0</P>
  <P Name="NumRootOutports">0</P>
  <P Name="ParameterArgumentNames"/>
  <P Name="NumModelReferences">0</P>
  <P Name="NumTestPointedSignals">0</P>
  <P Name="NumProvidedFunctions">0</P>
  <P Name="NumRequiredFunctions">0</P>
  <P Name="NumResetEvents">0</P>
  <P Name="HasInitializeEvent">0</P>
  <P Name="HasTerminateEvent">0</P>
  <P Name="PreCompExecutionDomainType">Unset</P>
  <P Name="IsExportFunctionModel">0</P>
  <P Name="IsArchitectureModel">0</P>
  <P Name="IsAUTOSARArchitectureModel">0</P>
  <P Name="NumParameterArguments">0</P>
  <P Name="NumExternalFileReferences">27</P>
  <ExternalFileReference>
    <P Name="Reference">fl_lib/Electrical/Electrical Sources/Controlled Voltage
Source</P>
    <P Name="Path">$bdroot/Controlled Voltage Source</P>
    <P Name="SID">25</P>
    <P Name="Type">LIBRARY_BLOCK</P>
  </ExternalFileReference>
  <ExternalFileReference>
    <P Name="Reference">ee_lib/Electromechanical/Brushed Motors/DC Motor</P>
    <P Name="Path">$bdroot/DC Motor</P>
    <P Name="SID">1</P>
    <P Name="Type">LIBRARY_BLOCK</P>
  </ExternalFileReference>
  <ExternalFileReference>
    <P Name="Reference">fl_lib/Electrical/Electrical Elements/Electrical Reference</P>
    <P Name="Path">$bdroot/Electrical Reference1</P>
    <P Name="SID">17</P>
    <P Name="Type">LIBRARY_BLOCK</P>
  </ExternalFileReference>
  <ExternalFileReference>
    <P Name="Reference">fl_lib/Mechanical/Mechanisms/Gear Box</P>
    <P Name="Path">$bdroot/Gear Box</P>
    <P Name="SID">5</P>
    <P Name="Type">LIBRARY_BLOCK</P>
  </ExternalFileReference>
  <ExternalFileReference>
    <P Name="Reference">fl_lib/Mechanical/Mechanical Sensors/Ideal Rotational
Motion Sensor</P>
    <P Name="Path">$bdroot/Ideal Rotational Motion Sensor</P>
    <P Name="SID">18</P>
    <P Name="Type">LIBRARY_BLOCK</P>
  </ExternalFileReference>
  <ExternalFileReference>
    <P Name="Reference">fl_lib/Mechanical/Rotational Elements/Mechanical
Rotational Reference</P>
    <P Name="Path">$bdroot/Mechanical Rotational Reference</P>
    <P Name="SID">9</P>
    <P Name="Type">LIBRARY_BLOCK</P>
  </ExternalFileReference>
  <ExternalFileReference>
    <P Name="Reference">fl_lib/Mechanical/Rotational Elements/Mechanical
Rotational Reference</P>
    <P Name="Path">$bdroot/Mechanical Rotational Reference1</P>
    <P Name="SID">10</P>
    <P Name="Type">LIBRARY_BLOCK</P>
  </ExternalFileReference>
  <ExternalFileReference>
    <P Name="Reference">fl_lib/Mechanical/Rotational Elements/Mechanical
Rotational Reference</P>
    <P Name="Path">$bdroot/Mechanical Rotational Reference2</P>
    <P Name="SID">12</P>
    <P Name="Type">LIBRARY_BLOCK</P>
  </ExternalFileReference>
  <ExternalFileReference>
    <P Name="Reference">fl_lib/Mechanical/Rotational Elements/Mechanical
Rotational Reference</P>
    <P Name="Path">$bdroot/Mechanical Rotational Reference3</P>
    <P Name="SID">27</P>
    <P Name="Type">LIBRARY_BLOCK</P>
  </ExternalFileReference>
  <ExternalFileReference>
    <P Name="Reference">ee_lib/Semiconductors &amp;
Converters/NPN Bipolar
Transistor</P>
    <P Name="Path">$bdroot/NPN Bipolar Transistor</P>
    <P Name="SID">53</P>
    <P Name="Type">LIBRARY_BLOCK</P>
  </ExternalFileReference>
  <ExternalFileReference>
    <P Name="Reference">ee_lib/Sources/Negative Supply Rail</P>
    <P Name="Path">$bdroot/Negative Supply Rail</P>
    <P Name="SID">66</P>
    <P Name="Type">LIBRARY_BLOCK</P>
  </ExternalFileReference>
  <ExternalFileReference>
    <P Name="Reference">fl_lib/Electrical/Electrical Elements/Op-Amp</P>
    <P Name="Path">$bdroot/Op-Amp</P>
    <P Name="SID">52</P>
    <P Name="Type">LIBRARY_BLOCK</P>
  </ExternalFileReference>
  <ExternalFileReference>
    <P Name="Reference">ee_lib/Semiconductors &amp;
Converters/PNP Bipolar
Transistor</P>
    <P Name="Path">$bdroot/PNP Bipolar Transistor</P>
    <P Name="SID">54</P>
    <P Name="Type">LIBRARY_BLOCK</P>
  </ExternalFileReference>
  <ExternalFileReference>
    <P Name="Reference">nesl_utility/PS-Simulink
Converter</P>
    <P Name="Path">$bdroot/PS-Simulink Converter</P>
    <P Name="SID">26</P>
    <P Name="Type">LIBRARY_BLOCK</P>
  </ExternalFileReference>
  <ExternalFileReference>
    <P Name="Reference">nesl_utility/PS-Simulink
Converter</P>
    <P Name="Path">$bdroot/PS-Simulink Converter1</P>
    <P Name="SID">32</P>
    <P Name="Type">LIBRARY_BLOCK</P>
  </ExternalFileReference>
  <ExternalFileReference>
    <P Name="Reference">nesl_utility/PS-Simulink
Converter</P>
    <P Name="Path">$bdroot/PS-Simulink Converter2</P>
    <P Name="SID">48</P>
    <P Name="Type">LIBRARY_BLOCK</P>
  </ExternalFileReference>
  <ExternalFileReference>
    <P Name="Reference">ee_lib/Sources/Positive Supply Rail</P>
    <P Name="Path">$bdroot/Positive Supply Rail</P>
    <P Name="SID">55</P>
    <P Name="Type">LIBRARY_BLOCK</P>
  </ExternalFileReference>
  <ExternalFileReference>
    <P Name="Reference">simulink/Sources/Repeating
Sequence</P>
    <P Name="Path">$bdroot/Repeating Sequence1</P>
    <P Name="SID">37</P>
    <P Name="Type">LIBRARY_BLOCK</P>
  </ExternalFileReference>
  <ExternalFileReference>
    <P Name="Reference">simulink/Sources/Repeating
Sequence</P>
    <P Name="Path">$bdroot/Repeating Sequence2</P>
    <P Name="SID">38</P>
    <P Name="Type">LIBRARY_BLOCK</P>
  </ExternalFileReference>
  <ExternalFileReference>
    <P Name="Reference">fl_lib/Electrical/Electrical Elements/Resistor</P>
    <P Name="Path">$bdroot/Resistor</P>
    <P Name="SID">15</P>
    <P Name="Type">LIBRARY_BLOCK</P>
  </ExternalFileReference>
  <ExternalFileReference>
    <P Name="Reference">fl_lib/Mechanical/Rotational Elements/Rotational Damper</P>
    <P Name="Path">$bdroot/Rotational Damper</P>
    <P Name="SID">6</P>
    <P Name="Type">LIBRARY_BLOCK</P>
  </ExternalFileReference>
  <ExternalFileReference>
    <P Name="Reference">fl_lib/Mechanical/Rotational Elements/Rotational Inerter</P>
    <P Name="Path">$bdroot/Rotational Inerter</P>
    <P Name="SID">7</P>
    <P Name="Type">LIBRARY_BLOCK</P>
  </ExternalFileReference>
  <ExternalFileReference>
    <P Name="Reference">fl_lib/Mechanical/Rotational Elements/Rotational Inerter</P>
    <P Name="Path">$bdroot/Rotational Inerter1</P>
    <P Name="SID">11</P>
    <P Name="Type">LIBRARY_BLOCK</P>
  </ExternalFileReference>
  <ExternalFileReference>
    <P Name="Reference">fl_lib/Mechanical/Rotational Elements/Rotational Spring</P>
    <P Name="Path">$bdroot/Rotational Spring</P>
    <P Name="SID">8</P>
    <P Name="Type">LIBRARY_BLOCK</P>
  </ExternalFileReference>
  <ExternalFileReference>
    <P Name="Reference">nesl_utility/Simulink-PS
Converter</P>
    <P Name="Path">$bdroot/Simulink-PS Converter</P>
    <P Name="SID">22</P>
    <P Name="Type">LIBRARY_BLOCK</P>
  </ExternalFileReference>
  <ExternalFileReference>
    <P Name="Reference">nesl_utility/Solver
Configuration</P>
    <P Name="Path">$bdroot/Solver Configuration</P>
    <P Name="SID">29</P>
    <P Name="Type">LIBRARY_BLOCK</P>
  </ExternalFileReference>
  <ExternalFileReference>
    <P Name="Reference">fl_lib/Electrical/Electrical Sensors/Voltage Sensor</P>
    <P Name="Path">$bdroot/Voltage Sensor</P>
    <P Name="SID">45</P>
    <P Name="Type">LIBRARY_BLOCK</P>
  </ExternalFileReference>
  <P Name="OrderedModelArguments">1</P>
</GraphicalInterface>
