<?xml version="1.0" encoding="UTF-8"?>
<sltp_editor version="1.1" packageUris="http://schema.mathworks.com/mf0/DiagramEditor/R2019a_20181107 http://schema.mathworks.com/mf0/SltpSyntax/R2020a_201913111440">
  <sltp.mm.syntax.Context type="sltp.mm.syntax.Context" uuid="ce3d3b3b-4184-45cc-a601-2570044a950b">
    <rootGraph type="sltp.mm.syntax.Graph" uuid="b2bd28b2-1a0b-4a99-9bbc-75b1b83df918">
      <children type="sltp.mm.syntax.Node" uuid="1677a7b4-38c9-4fb8-a9d6-ccb2d3742d72">
        <priority>40</priority>
        <rates type="sltp.mm.syntax.RateData">
          <color>#000000</color>
          <hasBlocks>true</hasBlocks>
          <rate>0</rate>
          <title>Cont</title>
        </rates>
        <rates type="sltp.mm.syntax.RateData">
          <color>#e60000</color>
          <hasBlocks>true</hasBlocks>
          <rate>0.0001</rate>
          <title>D1</title>
        </rates>
        <title>Cont</title>
        <type>base</type>
        <diagramElement type="diagram.editor.model.Entity" uuid="17d6241c-bec7-4339-bb12-e0425afbe1c0"/>
        <subgraph type="sltp.mm.syntax.Graph" uuid="0e201107-a821-43e0-8cea-ab023ad36cd2">
          <title>Cont</title>
          <diagramElement type="diagram.editor.model.Diagram" uuid="e0e1e979-b325-4bdd-8843-60a9496ceccd"/>
        </subgraph>
      </children>
      <title>Default</title>
      <diagramElement type="diagram.editor.model.Diagram" uuid="01118c7c-3e1d-4e92-9683-f3f1051e393a"/>
    </rootGraph>
  </sltp.mm.syntax.Context>
  <diagram.editor.model.Diagram type="diagram.editor.model.Diagram" uuid="01118c7c-3e1d-4e92-9683-f3f1051e393a">
    <entities type="diagram.editor.model.Entity" uuid="17d6241c-bec7-4339-bb12-e0425afbe1c0">
      <position>0,0</position>
      <size>0,0,0,0</size>
      <syntaxElement type="sltp.mm.syntax.Node" uuid="1677a7b4-38c9-4fb8-a9d6-ccb2d3742d72"/>
      <title>Cont</title>
      <type>base</type>
      <subDiagram type="diagram.editor.model.Diagram" uuid="e0e1e979-b325-4bdd-8843-60a9496ceccd">
        <position>0,0</position>
        <syntaxElement type="sltp.mm.syntax.Graph" uuid="0e201107-a821-43e0-8cea-ab023ad36cd2"/>
        <title>Cont</title>
        <type>graph.Graph</type>
      </subDiagram>
    </entities>
    <syntaxElement type="sltp.mm.syntax.Graph" uuid="b2bd28b2-1a0b-4a99-9bbc-75b1b83df918"/>
    <title>Default</title>
    <type>graph.Graph</type>
  </diagram.editor.model.Diagram>
</sltp_editor>