<?xml version="1.0" encoding="UTF-8"?>
<sltp_graph version="1.1" packageUris="http://schema.mathworks.com/mf0/sltp_mm/R2020a_201913111440">
  <sltp.mm.core.Context type="sltp.mm.core.Context" uuid="fa444cd1-24d0-42c9-9d06-2d67d581c87d">
    <priorityDirection>HighNumberLast</priorityDirection>
    <editorState type="sltp.mm.core.EditorState" uuid="1486826e-5bbb-4f6f-bcd0-a0a6a7fec561">
      <isSynchronized>true</isSynchronized>
    </editorState>
    <rootTask type="sltp.mm.core.Task" uuid="5c5f7469-b211-4ca1-9c27-a837394dcd6a">
      <context type="sltp.mm.core.Context" uuid="fa444cd1-24d0-42c9-9d06-2d67d581c87d"/>
      <explicit>false</explicit>
      <name>Default</name>
      <priority>-2147483648</priority>
      <subgraph type="sltp.mm.core.Graph" uuid="deeebbd7-887f-4d02-9ea7-7d2d93fc4991">
        <tasks type="sltp.mm.core.Task" uuid="dcedaa1a-25cc-4e98-9441-ac338cf08d6c">
          <baseTask>true</baseTask>
          <context type="sltp.mm.core.Context" uuid="fa444cd1-24d0-42c9-9d06-2d67d581c87d"/>
          <explicit>false</explicit>
          <id>1</id>
          <name>Cont</name>
          <priority>40</priority>
          <rates type="sltp.mm.core.Rate" uuid="2b5e29ba-0985-4d71-8421-8f2349aeda3e">
            <annotation>Cont</annotation>
            <color>255</color>
            <hasBlocks>true</hasBlocks>
            <rateSpec type="sltp.mm.core.RateSpec">
              <period>0</period>
            </rateSpec>
            <sti>0</sti>
          </rates>
          <rates type="sltp.mm.core.Rate" uuid="8c8a058f-aa95-465c-bc64-a45bf926168e">
            <annotation>D1</annotation>
            <color>-436207361</color>
            <hasBlocks>true</hasBlocks>
            <rateSpec type="sltp.mm.core.RateSpec">
              <period>0.0001</period>
            </rateSpec>
            <sti>1</sti>
          </rates>
        </tasks>
      </subgraph>
    </rootTask>
  </sltp.mm.core.Context>
</sltp_graph>